Iron Maiden,1.98E+07
Opeth,5.32E+09
Metallica,1.54E+10
Megadeth,6.61E+09
Amon Amarth,1.15E+06
Slayer,6.96E+06
Death,7.52E+09
Dream Theater,2.09E+06
Black Sabbath,7.87E+08
Nightwish,1.02E+10
Children Of Bodom,1.01E+05
Judas Priest,7.87E+08
Blind Guardian,2.04E+08
In Flames,2.21E+09
Pantera,7.82E+09
Dark Tranquillity,8.64E+04
Agalloch,1.98E+08
Ensiferum,0.00E+00
Arch Enemy,8.64E+04
Katatonia,1.59E+09
Behemoth,7.71E+09
Dimmu Borgir,1.40E+09
Kreator,0.00E+00
Wintersun,1.01E+05
Insomnium,1.15E+06
Amorphis,3.06E+10
Kamelot,3.55E+04
Tool,1.90E+09
Helloween,2.04E+08
Testament,0.00E+00
Epica,1.24E+06
Immortal,2.84E+09
Lamb Of God,9.62E+04
Iced Earth,1.24E+09
Anathema,4.86E+08
Symphony X,5.78E+09
Eluveitie,1.80E+09
Gojira,8.71E+05
Rammstein,3.16E+06
Sonata Arctica,2.76E+06
Mastodon,0.00E+00
Nile,7.91E+08
Sepultura,1.30E+10
Moonspell,1.77E+10
Therion,3.96E+09
Cannibal Corpse,6.48E+06
Enslaved,1.56E+09
Emperor,1.40E+09
Porcupine Tree,1.20E+09
Cradle Of Filth,7.28E+09
Be'lakor,1.15E+06
My Dying Bride,6.99E+08
Led Zeppelin,1.08E+09
Nevermore,1.17E+10
Stratovarius,1.12E+09
Paradise Lost,3.83E+09
Dio,7.12E+06
Kalmah,2.02E+09
Carcass,4.25E+09
Burzum,6.33E+08
Anthrax,2.40E+09
Morbid Angel,6.48E+06
Meshuggah,6.25E+09
Finntroll,0.00E+00
Septicflesh,1.55E+08
Moonsorrow,1.52E+04
Machine Head,3.98E+08
System Of A Down,4.99E+06
Within Temptation,7.51E+08
Bathory,1.15E+09
Exodus,0.00E+00
Draconian,6.97E+04
Slipknot,1.56E+08
AC/DC,5.09E+06
Ayreon,2.09E+06
Swallow The Sun,1.94E+09
Gamma Ray,2.76E+06
Rhapsody Of Fire,3.55E+04
Hypocrisy,1.49E+10
Mot�rhead,7.12E+06
Bloodbath,6.48E+06
Korpiklaani,1.46E+06
Manowar,1.24E+09
HammerFall,2.76E+06
At The Gates,2.92E+09
Sabaton,2.76E+06
Mayhem,2.84E+09
Vader,6.48E+06
Avantasia,3.55E+04
Rotting Christ,6.03E+09
Summoning,2.04E+06
Sodom,0.00E+00
Overkill,6.96E+06
Dissection,1.46E+09
Satyricon,2.73E+06
Rush,2.25E+05
Darkthrone,5.41E+10
Ozzy Osbourne,7.12E+06
Devin Townsend,2.09E+06
Alcest,8.63E+08
Equilibrium,1.52E+04
Deep Purple,7.87E+08
Edguy,2.76E+06
Soilwork,8.64E+04
Riverside,2.09E+06
Trivium,1.23E+08
Turisas,1.46E+06
Orphaned Land,5.99E+09
Apocalyptica,0.00E+00
King Diamond,7.12E+06
Angra,0.00E+00
Deicide,6.48E+06
Alice In Chains,3.76E+08
Haggard,1.94E+09
Disturbed,1.56E+08
DragonForce,2.76E+06
Lacuna Coil,4.79E+09
Accept,7.12E+06
Arcturus,1.37E+09
Omnium Gatherum,1.15E+06
Obituary,6.48E+06
Pain Of Salvation,1.20E+09
Necrophagist,1.80E+06
Fear Factory,4.59E+09
Tristania,1.64E+10
Decapitated,1.80E+06
Fleshgod Apocalypse,7.14E+03
Primordial,8.00E+09
Candlemass,0.00E+00
Scar Symmetry,2.02E+10
Eternal Tears Of Sorrow,2.02E+09
Marduk,2.73E+06
Annihilator,2.40E+09
Alestorm,3.10E+09
Ghost,3.71E+09
Ulver,6.89E+09
Cynic,2.26E+09
Ne Obliviscaris,1.09E+06
In Mourning,1.06E+10
Obscura,6.09E+08
Korn,1.56E+08
Evergrey,2.63E+09
T�r,1.46E+06
Type O Negative,1.61E+06
Mercyful Fate,1.18E+09
Saturnus,5.69E+09
Bolt Thrower,2.20E+09
Scorpions,3.72E+09
Napalm Death,4.16E+08
Windir,0.00E+00
Sentenced,1.53E+10
Tiamat,5.33E+09
Killswitch Engage,1.03E+05
Gorgoroth,2.73E+06
Celtic Frost,4.89E+09
Rainbow,7.87E+08
Suffocation,1.48E+06
Kataklysm,6.48E+06
Dying Fetus,2.40E+09
Norther,1.01E+05
Sirenia,0.00E+00
Savatage,0.00E+00
Empyrium,1.09E+09
Guns N' Roses,3.93E+06
Venom,1.18E+09
Dark Funeral,2.73E+06
Avenged Sevenfold,2.34E+10
Destruction,0.00E+00
Edge Of Sanity,8.71E+05
After Forever,6.04E+08
Ihsahn,1.20E+09
Diablo Swing Orchestra,9.72E+08
Arkona,0.00E+00
Leprous,2.09E+06
Between The Buried And Me,0.00E+00
Death Angel,0.00E+00
W.A.S.P.,7.12E+06
As I Lay Dying,1.03E+05
Black Label Society,7.12E+06
Borknagar,3.86E+08
Isis,1.99E+08
Soulfly,1.37E+08
Atheist,1.80E+06
DevilDriver,3.65E+09
Shining,1.48E+09
Strapping Young Lad,1.89E+09
The Gathering,5.46E+08
Anaal Nathrakh,3.34E+09
Ghost Brigade,3.93E+09
Delain,1.24E+06
Watain,2.73E+06
Saxon,1.98E+07
Vektor,1.16E+08
Immolation,6.48E+06
Firewind,1.12E+09
Mors Principium Est,8.64E+04
Samael,2.73E+06
Bullet For My Valentine,1.03E+05
Entombed,1.94E+09
Steven Wilson,2.25E+05
Xandria,7.51E+08
Drudkh,1.71E+09
Animals As Leaders,6.58E+09
Queensr�che,7.74E+09
Powerwolf,2.76E+06
Belphegor,2.84E+09
Alice Cooper,2.33E+09
Before The Dawn,3.46E+09
The Faceless,3.65E+09
Deftones,1.56E+08
Primal Fear,2.76E+06
Theatre Of Tragedy,1.12E+09
KISS,2.66E+09
Down,1.76E+10
Skeletonwitch,5.05E+03
Rage Against The Machine,1.56E+08
Wolves In The Throne Room,2.04E+06
Five Finger Death Punch,0.00E+00
Electric Wizard,2.95E+05
Nine Inch Nails,2.57E+08
Novembers Doom,1.37E+10
Dethklok,1.15E+06
Faith No More,4.99E+06
Cryptopsy,9.32E+09
Falkenbach,9.07E+09
Graveworm,1.08E+09
Taake,2.73E+06
Grave Digger,7.12E+06
Rob Zombie,6.18E+08
The Black Dahlia Murder,2.69E+09
Running Wild,1.83E+08
Neurosis,4.38E+08
Carach Angren,9.26E+05
Dark Moor,3.55E+04
Baroness,2.10E+09
King Crimson,2.25E+05
Shape Of Despair,3.68E+04
Bruce Dickinson,7.12E+06
Demons And Wizards,1.12E+09
Deathspell Omega,1.47E+09
Lacrimosa,7.51E+08
Coroner,2.85E+06
Masterplan,0.00E+00
Tarja,1.24E+06
Ahab,3.68E+04
Melechesh,1.47E+09
Rage,7.12E+06
Cult Of Luna,6.83E+08
Suidakra,2.85E+09
Yngwie Malmsteen,6.85E+03
Kyuss,4.92E+07
All That Remains,1.03E+05
Marilyn Manson,2.33E+09
S�lstafir,2.49E+08
Woods Of Ypres,1.50E+09
Blut Aus Nord,5.20E+09
Godsmack,1.40E+09
Haken,2.09E+06
HIM,1.15E+07
Warbringer,6.96E+06
Havok,6.96E+06
Novembre,1.14E+09
Evile,6.96E+06
Six Feet Under,6.48E+06
Leaves' Eyes,0.00E+00
Old Man's Child,4.67E+09
Chimaira,9.62E+04
Persefone,3.39E+09
Heaven Shall Burn,2.69E+09
Myrath,5.57E+07
Freedom Call,2.76E+06
Green Carnation,1.75E+10
High On Fire,1.39E+09
Metal Church,2.40E+09
Sylosis,3.79E+09
Danzig,3.93E+06
Elvenking,3.10E+09
Triptykon,2.37E+09
Volbeat,7.87E+08
The Haunted,2.78E+09
Carpathian Forest,2.73E+06
Van Halen,7.87E+08
Falconer,3.10E+09
Pain,0.00E+00
Unleashed,1.15E+06
Protest The Hero,2.34E+09
Gorguts,9.16E+09
Circus Maximus,2.09E+06
Aborted,1.38E+10
Municipal Waste,9.58E+05
Virgin Black,1.61E+06
Dismember,6.48E+06
Joe Satriani,5.59E+08
Barren Earth,3.39E+09
Dream Evil,1.12E+09
Krisiun,1.48E+06
Negur? Bunget,2.26E+09
Uaral,5.86E+05
Amaranthe,5.68E+09
Whitesnake,3.93E+06
Quo Vadis,1.80E+06
Mercenary,2.67E+10
Pestilence,6.20E+09
The Agonist,2.69E+09
Cavalera Conspiracy,6.96E+06
Mudvayne,1.56E+08
Origin,1.80E+06
The Ocean,2.06E+09
Vintersorg,1.89E+10
Voivod,3.84E+09
Fates Warning,2.66E+09
Skid Row,7.87E+08
Unexpect,0.00E+00
Vital Remains,6.48E+06
Kvelertak,1.36E+07
1349,2.73E+06
M�tley Cr�e,3.84E+07
Tankard,6.96E+06
Dragonland,3.55E+04
Cattle Decapitation,1.21E+07
Revocation,3.78E+09
Pagan's Mind,2.63E+09
Artillery,6.96E+06
Shade Empire,9.26E+05
Arsis,3.75E+09
Autopsy,6.48E+06
Dark Fortress,2.73E+06
Lake Of Tears,1.61E+06
Daylight Dies,1.15E+06
Lost Horizon,2.76E+06
TesseracT,7.72E+08
Keep Of Kalessin,3.90E+09
Toxic Holocaust,4.46E+08
Possessed,9.41E+08
3 Inches Of Blood,1.12E+09
Allegaeon,3.75E+09
Beyond Creation,6.09E+08
Catamenia,1.69E+10
Def Leppard,3.38E+07
Hatebreed,1.26E+09
Heavenly,2.76E+06
Heidevolk,1.46E+06
Soundgarden,2.04E+08
Textures,1.43E+06
Sigh,1.25E+10
Antimatter,0.00E+00
Clutch,3.31E+08
Crematory,4.44E+09
Gorod,1.80E+06
Les Discrets,8.63E+08
October Tide,1.09E+06
Periphery,7.72E+08
Seventh Wonder,2.09E+06
Stone Sour,1.40E+09
Estatic Fear,0.00E+00
Malevolent Creation,6.48E+06
Esoteric,3.87E+09
Hate Eternal,1.48E+06
The Foreshadowing,1.61E+06
Atoma,2.12E+08
Deathstars,0.00E+00
Luca Turilli's Rhapsody,3.55E+04
Iron Savior,2.76E+06
Asphyx,6.48E+06
Control Denied,2.09E+06
Job For A Cowboy,8.92E+09
Heaven And Hell,7.12E+06
Thyrfing,0.00E+00
Ministry,3.16E+06
Queens Of The Stone Age,4.92E+07
Slumber,0.00E+00
Threshold,2.09E+06
Grave,6.48E+06
Naglfar,2.30E+05
Benighted,2.10E+09
Lordi,2.46E+08
Alter Bridge,3.84E+06
Doom:VS,3.68E+04
Finsterforst,0.00E+00
Luca Turilli,3.55E+04
Shadows Fall,1.15E+06
Steve Vai,2.25E+05
Twisted Sister,2.46E+08
Suicidal Tendencies,3.83E+08
Whitechapel,5.63E+04
Jeff Loomis,9.55E+07
M�negarm,4.20E+09
Van Canto,2.76E+06
Nuclear Assault,6.96E+06
A Forest Of Stars,2.04E+06
All Shall Perish,5.63E+04
The Sword,2.95E+05
Caladan Brood,4.82E+09
Galneryus,2.76E+06
Adagio,5.78E+09
Akercocke,7.76E+09
Axel Rudi Pell,1.12E+09
Edenbridge,5.48E+09
Inquisition,4.96E+09
Chthonic,6.12E+09
Dark Angel,0.00E+00
Parkway Drive,9.44E+05
Psycroptic,1.80E+06
Poisonblack,0.00E+00
The Dillinger Escape Plan,4.74E+08
Deafheaven,3.54E+09
Rapture,1.15E+06
Kauan,2.26E+09
Into Eternity,3.39E+09
Thy Catafalque,1.93E+04
Enshine,6.97E+04
Kylesa,8.38E+05
Cain's Offering,2.76E+06
Cathedral,2.95E+05
Forbidden,0.00E+00
Spawn Of Possession,7.91E+08
Soen,1.90E+09
Dalriada,1.46E+06
Evoken,1.02E+10
Misery Index,1.67E+05
August Burns Red,0.00E+00
Disarmonia Mundi,8.64E+04
In Vain,2.10E+09
Jorn,7.12E+06
Absu,2.37E+09
Anorexia Nervosa,1.02E+09
Charon,7.10E+09
Suicide Silence,5.63E+04
Vomitory,6.48E+06
Born Of Osiris,0.00E+00
Sleep,2.95E+05
Unearth,9.44E+05
Forest Of Shadows,1.16E+10
Goatwhore,4.20E+08
Noumena,1.15E+06
Stream Of Passion,0.00E+00
White Zombie,1.84E+08
Onslaught,6.96E+06
Thin Lizzy,7.87E+08
Ulcerate,1.80E+06
Battlelore,3.10E+09
Black Sun Aeon,1.15E+06
Lacrimas Profundere,1.61E+06
Nocturnal Rites,2.76E+06
Heathen,0.00E+00
Pelican,0.00E+00
Acid Bath,8.38E+05
Amberian Dawn,3.55E+04
Converge,7.47E+08
Serenity,3.55E+04
Star One,2.09E+06
Mar De Grises,0.00E+00
Wolfheart,1.15E+06
Darkspace,0.00E+00
Legion Of The Damned,9.41E+08
Liquid Tension Experiment,9.55E+07
Tarot,2.76E+06
The Sins Of Thy Beloved,0.00E+00
The Vision Bleak,1.61E+06
Fallujah,1.10E+09
Witherscape,2.14E+08
Einherjer,1.52E+04
Primus,2.74E+08
Sunn O))),6.87E+08
Airbourne,3.93E+06
Decrepit Birth,7.91E+08
Grand Magus,7.12E+06
Uriah Heep,3.93E+06
Flotsam And Jetsam,6.96E+06
Blotted Science,9.55E+07
Limbonic Art,1.40E+09
Shadow Gallery,2.09E+06
Fen,2.49E+08
Skyfire,1.01E+05
Corrosion Of Conformity,2.95E+05
Vanden Plas,2.63E+09
Halford,7.12E+06
In Extremo,0.00E+00
Mg?a,2.73E+06
Solution .45,1.15E+06
Whispered,1.01E+05
Diamond Head,1.98E+07
Hate,6.48E+06
God Dethroned,9.41E+08
Vreid,2.73E+06
In The Silence,2.09E+06
Static-X,7.66E+08
Nachtmystium,5.80E+09
Royal Hunt,3.55E+04
Xasthur,0.00E+00
Suicidal Angels,6.96E+06
Wolfchant,8.13E+09
ReVamp,1.79E+09
Sadus,4.19E+09
Blackfield,4.58E+07
Nightrage,1.15E+06
The 69 Eyes,1.76E+09
Pyramaze,0.00E+00
Serj Tankian,1.40E+09
Gloryhammer,2.76E+06
Hour Of Penance,1.48E+06
Kalisia,8.71E+05
Nargaroth,2.73E+06
Trail Of Tears,1.61E+06
Sanctuary,3.53E+04
Woods Of Desolation,2.04E+06
Agathodaimon,6.44E+05
Sinergy,1.12E+09
Sonic Syndicate,5.94E+08
Wuthering Heights,1.45E+10
I,0.00E+00
Heavenwood,1.23E+10
Pig Destroyer,9.86E+05
Doro,7.87E+08
Incantation,6.48E+06
Virgin Steele,4.26E+09
Anvil,7.12E+06
Bal-Sagoth,6.45E+09
Crowbar,8.38E+05
Mourning Beloveth,1.09E+06
Oranssi Pazuzu,0.00E+00
Saor,4.82E+09
Ancient Bards,3.55E+04
Dark Lunacy,2.28E+09
Fairyland,3.55E+04
Gama Bomb,6.96E+06
In The Woods...,1.50E+10
Leviathan,0.00E+00
Sybreed,5.03E+08
Spiritual Beggars,6.66E+09
In This Moment,8.71E+08
Saint Vitus,0.00E+00
U.D.O.,7.12E+06
Atreyu,8.71E+08
Communic,2.09E+06
Godflesh,3.16E+06
Nightingale,4.20E+09
Anubis Gate,2.63E+09
Destr�yer 666,5.05E+03
Europe,7.87E+08
Pentagram,0.00E+00
Zyklon,2.84E+09
Aeon,6.48E+06
Orden Ogan,9.66E+09
Skyclad,1.46E+06
Stormlord,9.26E+05
X Japan,2.76E+06
Aquilus,3.43E+09
Hail Spirit Noir,0.00E+00
Wine From Tears,1.09E+06
Amesoeurs,8.63E+08
Kampfar,2.26E+09
Unisonic,3.87E+09
Visions Of Atlantis,1.24E+06
Karnivool,1.90E+09
OSI,2.09E+06
Ouroboros,3.78E+09
Russian Circles,1.65E+06
Vulture Industries,1.60E+09
Blue �yster Cult,3.93E+06
Drowning Pool,4.99E+06
Hellhammer,4.95E+03
Benediction,6.48E+06
Blood Red Throne,6.48E+06
Gwar,6.14E+09
Illnath,9.26E+05
Crimson Glory,0.00E+00
James LaBrie,2.09E+06
Witchcraft,2.95E+05
Darkest Hour,2.69E+09
Otep,1.56E+08
Red Fang,4.92E+07
Sacred Reich,8.24E+07
Solefald,6.00E+08
Solitude Aeturnus,0.00E+00
Cruachan,0.00E+00
D.R.I.,3.83E+08
Exhumed,1.67E+05
Forefather,2.26E+09
The Ruins Of Beverast,2.73E+06
Vision Divine,2.76E+06
Dokken,7.12E+06
Hollenthon,2.28E+09
M�go De Oz,5.68E+09
Tribulation,7.35E+09
Battle Beast,7.12E+06
Bring Me The Horizon,1.57E+09
Ex Deo,7.14E+03
Metsat�ll,5.68E+09
Skepticism,3.68E+04
Dordeduh,2.04E+06
Redemption,2.09E+06
Scale The Summit,9.55E+07
Vildhjarta,7.72E+08
Blood Stain Child,2.33E+09
Gorefest,1.75E+10
Intronaut,1.99E+08
Monster Magnet,2.95E+05
Sinister,6.48E+06
Impaled Nazarene,3.52E+09
Kiuas,2.76E+06
While Heaven Wept,0.00E+00
Brymir,0.00E+00
Celesty,2.76E+06
Darkseed,1.61E+06
Die Apokalyptischen Reiter,1.14E+10
Gris,0.00E+00
Orange Goblin,2.95E+05
The Crown,9.41E+08
Theocracy,0.00E+00
Violator,6.96E+06
Mechina,0.00E+00
Necrophobic,6.48E+06
Om,1.01E+09
Vesania,9.26E+05
Lifelover,3.16E+08
The Kovenant,3.16E+06
Monstrosity,6.48E+06
Persuader,1.12E+09
Razor,6.96E+06
Svartsot,1.46E+06
Avatarium,0.00E+00
Caliban,9.44E+05
Graveyard,5.09E+06
Hail Of Bullets,6.48E+06
Melvins,8.38E+05
Oomph!,2.57E+08
UnSun,1.61E+06
Vio-lence,6.96E+06
Abbath,2.73E+06
Angelus Apatrida,6.96E+06
Blackmore's Night,0.00E+00
Labyrinth,0.00E+00
Shining (NOR),2.65E+05
Steel Panther,2.46E+08
Toxik,2.85E+06
Tsjuder,2.73E+06
Bilocate,3.19E+09
Brainstorm,2.76E+06
ColdWorld,0.00E+00
Forgotten Tomb,2.43E+09
Nasum,9.86E+05
Beherit,2.40E+09
Lord Belial,2.73E+06
Marillion,2.25E+05
Deadlock,1.01E+10
Dominia,6.77E+09
Lazarus A.D.,6.96E+06
Midnattsol,3.18E+09
Pathfinder,3.55E+04
Skyforger,2.26E+09
Thurisaz,4.39E+09
Altar Of Plagues,3.72E+09
Angel Witch,1.98E+07
Cephalic Carnage,9.86E+05
Demon Hunter,9.44E+05
Neurotech,1.43E+09
Thy Light,0.00E+00
Abigail Williams,1.09E+10
Aura Noir,4.96E+09
Enforcer,1.83E+08
Hell,1.98E+07
Jesu,7.72E+08
Obscure Sphinx,6.83E+08
Prong,1.89E+09
Earth,2.81E+08
Killing Joke,9.13E+08
Mr. Bungle,2.65E+05
MyGrain,8.64E+04
October Falls,1.09E+10
Trees Of Eternity,6.97E+04
Wilderun,0.00E+00
Disillusion,3.24E+09
Dreamtale,2.76E+06
Mushroomhead,7.66E+08
Officium Triste,1.09E+06
Rosetta,6.83E+08
Silencer,2.73E+06
Trollfest,1.46E+06
Varg,1.31E+09
Angtoria,1.24E+06
Blackguard,1.48E+10
Dir En Grey,4.99E+06
Forest Stream,0.00E+00
Morbid Saint,6.96E+06
Terrorizer,2.20E+09
Threat Signal,1.15E+06
Axxis,1.12E+09
Carnifex,5.63E+04
Eyehategod,8.38E+05
Riot V,7.87E+08
Stormwarrior,2.76E+06
Terra Tenebrosa,9.90E+08
Theatres Des Vampires,1.08E+09
Witchery,6.96E+06
Darkane,9.41E+08
Diabolical Masquerade,1.93E+04
Gotthard,3.93E+06
Isole,0.00E+00
Dan Swan�,1.09E+06
Deeds Of Flesh,1.48E+06
Thunderstone,1.12E+09
Warning,0.00E+00
Xerath,0.00E+00
40 Watt Sun,0.00E+00
Allen/Lande,7.12E+06
KMFDM,3.16E+06
Savage Circus,2.76E+06
Beseech,1.61E+06
King Of Asgard,0.00E+00
Machinae Supremacy,2.76E+06
Pallbearer,0.00E+00
Ratt,2.46E+08
The Absence,1.15E+06
The Project Hate MCMXCIX,0.00E+00
Voyager,0.00E+00
Demolition Hammer,6.96E+06
Entwine,1.15E+07
Kivimets�n Druidi,0.00E+00
Mordab,8.71E+05
Sk�lm�ld,1.52E+04
Warmen,0.00E+00
Agent Steel,8.24E+07
Anata,1.80E+06
Andromeda,2.09E+06
Brujeria,2.20E+09
Enthroned,2.73E+06
Lantl�s,2.49E+08
Mnemic,2.79E+08
Penumbra,0.00E+00
Veil Of Maya,5.63E+04
Augury,1.80E+06
Austere,0.00E+00
Northern Kings,1.24E+06
Portal,0.00E+00
Rata Blanca,3.65E+09
To/Die/For,1.15E+07
UFO,7.87E+08
Fields Of The Nephilim,6.50E+09
Helevorn,6.97E+04
Lunatica,3.55E+04
Aenaon,8.50E+05
At Vance,1.12E+09
Behexen,2.73E+06
Holy Grail,1.12E+09
Zonaria,7.94E+09
Dark The Suns,1.61E+06
Funeral,3.68E+04
Hellyeah,0.00E+00
Jag Panzer,3.53E+04
Mournful Congregation,3.68E+04
Ragnarok,2.73E+06
Wodensthrone,2.04E+06
Yob,2.95E+05
An Autumn For Crippled Children,5.89E+08
Flowing Tears,1.61E+06
Helstar,3.24E+09
Mezarkabul,2.40E+09
The 3rd And The Mortal,0.00E+00
Abigor,2.73E+06
Bonded By Blood,6.96E+06
Sabbat,0.00E+00
Slash,5.09E+06
Turmion K�til�t,3.16E+06
Almah,1.12E+09
Anciients,2.09E+06
Ark,6.14E+09
Blindead,9.29E+09
Cobalt,2.73E+06
Devourment,1.48E+06
Divine Heresy,6.48E+06
Gehenna,2.73E+06
Grim Reaper,1.98E+07
Iron Fire,1.38E+09
Nervecell,5.78E+09
Nortt,6.39E+09
Versailles,2.76E+06
Ancient Rites,0.00E+00
Crimfall,0.00E+00
Exumer,6.96E+06
Fractal Gates,1.15E+06
Hirax,6.96E+06
Lethian Dreams,0.00E+00
Mystic Prophecy,2.76E+06
Stam1na,4.09E+08
Winterfylleth,1.71E+09
Abysmal Dawn,6.48E+06
Arkan,9.36E+07
DGM,2.09E+06
Diabulus In Musica,1.24E+06
Fair To Midland,1.90E+09
God Forbid,1.94E+09
In Solitude,7.12E+06
Kittie,1.56E+08
Marty Friedman,9.70E+08
Power Quest,2.76E+06
Reverend Bizarre,0.00E+00
SikTh,3.41E+08
Skinless,1.48E+06
Stormtroopers Of Death,3.83E+08
The Angelic Process,2.50E+08
Urgehal,2.73E+06
Armored Saint,7.12E+06
Brutal Truth,9.86E+05
For My Pain,1.15E+07
Madder Mortem,2.05E+09
Mirrorthrone,2.65E+05
Neuraxis,1.80E+06
Thrawsunblat,0.00E+00
Thulcandra,1.46E+09
Ajattara,2.73E+06
Aria,7.12E+06
Boris,0.00E+00
Despised Icon,5.63E+04
Hibria,7.12E+06
Imperanon,2.02E+09
Manilla Road,1.12E+09
Shaman,0.00E+00
Vallenfyre,6.48E+06
Alkaloid,1.09E+06
Bloodbound,7.12E+06
Caligula's Horse,1.90E+09
Damageplan,0.00E+00
Demonaz,0.00E+00
Ektomorf,6.74E+08
Elis,1.61E+06
Nocturnus AD,1.73E+08
Sarc�fago,7.35E+09
Warrel Dane,2.65E+08
Whiplash,6.96E+06
Beneath The Massacre,7.91E+08
Blaze Bayley,7.12E+06
Bloodshot Dawn,1.15E+06
Colosseum,3.68E+04
Derdian,3.55E+04
Godgory,1.15E+06
Halestorm,3.93E+06
Process Of Guilt,5.49E+05
Warlock,7.12E+06
Lumsk,1.52E+04
MaYaN,1.15E+06
Morgoth,4.59E+09
Paradox,6.96E+06
Rebellion,1.12E+09
Ufomammut,2.95E+05
As Blood Runs Black,5.63E+04
Astral Doors,7.12E+06
Babymetal,1.15E+06
Demilich,8.71E+05
Exhorder,9.53E+08
Hatesphere,9.41E+08
Iron Mask,2.76E+06
Martyr,1.80E+06
Mistur,4.20E+09
Raintime,4.32E+09
Sevendust,1.56E+08
Amaseffer,5.57E+07
Ancient,2.30E+05
Darkwater,0.00E+00
Dornenreich,1.09E+09
Opera IX,4.87E+09
Trouble,0.00E+00
Andre Matos,2.76E+06
Conception,9.24E+09
Diablo,7.08E+09
Illdisposed,6.48E+06
Rotten Sound,9.86E+05
WarCry,2.76E+06
Winds Of Plague,3.41E+09
Bethlehem,1.84E+09
Civil War,1.12E+09
Darzamat,1.08E+09
Freak Kitchen,0.00E+00
Krypteria,0.00E+00
Nemesea,3.35E+09
Pretty Maids,7.12E+06
Psychotic Waltz,2.09E+06
Satan,2.31E+09
Astarte,2.73E+06
Beyond Twilight,2.09E+06
Cinderella,4.43E+05
Coal Chamber,1.85E+06
Cor Scorpii,2.73E+06
Cormorant,3.39E+09
Cult Of Fire,2.73E+06
Dew-Scented,9.41E+08
Nocturnal Depression,0.00E+00
The Cult,4.72E+09
The Fall Of Every Season,0.00E+00
Tierra Santa,1.12E+09
After The Burial,4.81E+09
Secrets Of The Moon,2.73E+06
Thy Art Is Murder,0.00E+00
Arckanum,2.73E+06
Elysion,0.00E+00
Ereb Altor,5.77E+04
Jason Becker,9.70E+08
Jungle Rot,6.48E+06
Remembrance,1.24E+09
To-Mera,0.00E+00
Wolverine,3.39E+09
Batushka,2.73E+06
Black Tide,7.12E+06
Bucovina,1.46E+06
Gary Moore,6.79E+08
Myrkgrav,2.26E+09
Newsted,7.12E+06
Panopticon,2.04E+06
Savage Messiah,6.96E+06
Sear Bliss,2.73E+06
Wizard,2.76E+06
Amiensus,4.12E+09
Brain Drill,8.89E+08
Cacophony,9.70E+08
Desire,0.00E+00
Hacride,5.52E+09
Horna,2.73E+06
Ill Ni�o,1.85E+06
Killer Be Killed,0.00E+00
Massacre,6.48E+06
Mekong Delta,7.14E+04
Royal Thunder,6.66E+09
Symfonia,2.76E+06
The Monolith Deathcult,7.01E+09
Throes Of Dawn,1.61E+06
Adrenaline Mob,7.12E+06
Black Crown Initiate,8.71E+05
Defeated Sanity,1.48E+06
Desaster,5.05E+03
Falloch,1.71E+09
Loudness,7.87E+08
Subrosa,8.38E+05
Swashbuckle,6.96E+06
The Human Abstract,0.00E+00
XIV Dark Centuries,1.52E+04
Year Of No Light,5.49E+05
Angel Dust,3.26E+09
Battlecross,2.44E+09
Cannabis Corpse,6.48E+06
Clouds,0.00E+00
Dagoba,1.18E+08
God Seed,2.73E+06
Heathen Foray,6.46E+08
Midnight Odyssey,2.69E+09
Powerglove,0.00E+00
Racer X,7.12E+06
Slough Feg,7.12E+06
Thorns,0.00E+00
Tuatha De Danann,0.00E+00
White Wizzard,7.12E+06
Xanthochroid,3.86E+08
Xentrix,6.96E+06
Avalanch,1.12E+09
Circle II Circle,1.19E+09
Dawn Of Tears,1.15E+06
Exciter,8.24E+07
Lich King,6.96E+06
Nails,4.16E+08
Stolen Babies,0.00E+00
Stryper,1.75E+09
Susperia,7.76E+09
Urfaust,2.73E+06
Blood Ceremony,0.00E+00
Exivious,1.51E+08
Forever Storm,1.12E+09
Kroda,6.12E+09
Kypck,0.00E+00
Northland,5.80E+09
Raven,1.98E+07
The Gentle Storm,1.28E+10
Void Of Silence,0.00E+00
B�lzer,2.84E+09
Bleeding Through,9.44E+05
D��th,4.72E+09
D�dheimsgard,8.69E+09
Funeral Mist,2.73E+06
Holy Moses,6.96E+06
Lurker Of Chalice,0.00E+00
Lustre,2.04E+06
Neaera,2.69E+09
Nightfall,1.15E+06
Pantheist,3.68E+04
Revolution Renaissance,1.12E+09
Rigor Mortis,8.24E+07
Scarab,1.48E+06
Severe Torture,5.95E+09
The Great Old Ones,8.01E+08
Tvangeste,9.26E+05
Wisdom,2.76E+06
Witchfinder General,1.98E+07
Words Of Farewell,1.15E+06
Aeternam,1.15E+06
Agrypnie,1.89E+09
Alchemist,2.09E+06
Architects,2.25E+09
Avatar,2.23E+09
Conquering Dystopia,2.09E+06
Dark Age,5.94E+08
Devil Doll,6.12E+07
Guilt Machine,2.09E+06
ICS Vortex,2.09E+06
Isengard,2.26E+09
Mithotyn,2.26E+09
Saratoga,1.12E+09
Sargeist,2.73E+06
Secret Sphere,2.76E+06
Sieges Even,2.09E+06
Silentium,1.61E+06
Tesla,3.93E+06
Twilightning,3.65E+09
Vanishing Point,5.78E+09
Watchtower,7.14E+04
Wolf,7.12E+06
Asking Alexandria,1.35E+07
Dawn Of Solace,1.61E+06
Dimension Zero,8.64E+04
Hardcore Superstar,3.84E+07
Krallice,2.73E+06
Mortemia,0.00E+00
Siebenb�rgen,2.30E+05
Avulsed,1.48E+06
Debauchery,6.48E+06
Kronos,1.32E+10
Lost Soul,1.80E+06
Lunar Aurora,2.73E+06
Planet X,5.31E+07
Silent Stream Of Godless Elegy,1.46E+06
Soulfallen,2.28E+09
Twilight Force,1.39E+09
Winds,4.07E+09
Axenstar,2.76E+06
Black Messiah,1.88E+09
Der Weg Einer Freiheit,2.73E+06
Eisbrecher,3.16E+06
Gnaw Their Tongues,3.88E+09
Impellitteri,7.12E+06
Judas Iscariot,2.73E+06
Keldian,3.55E+04
Menhir,0.00E+00
Myrkur,2.73E+06
Nifelheim,1.66E+09
Scars On Broadway,1.40E+09
Schammasch,2.84E+09
The Devil's Blood,3.93E+06
Uneven Structure,1.49E+09
Wyrd,2.26E+09
Cerebral Bore,1.48E+06
Dark Empire,0.00E+00
Dragged Into Sunlight,7.74E+09
Hanging Garden,1.09E+06
Hexen,6.96E+06
Kingcrow,6.14E+09
Mob Rules,2.76E+06
Quiet Riot,2.40E+09
Subway To Sally,0.00E+00
Wolfmother,3.93E+06
!T.O.O.H.!,1.80E+06
Agoraphobic Nosebleed,9.86E+05
Akphaezya,2.65E+05
Anacrusis,7.14E+04
Cadaveria,9.72E+08
Deadsoul Tribe,2.09E+06
Dolorian,2.73E+06
Glorior Belli,3.75E+09
Hypno5e,4.74E+08
Silent Force,0.00E+00
Ter�sbetoni,2.21E+09
The Meads Of Asphodel,0.00E+00
The Unguided,1.15E+06
Todtgelichter,1.47E+09
Torture Killer,6.48E+06
Unleash The Archers,1.12E+09
Vallendusk,2.04E+06
Acrassicauda,6.96E+06
Aina,0.00E+00
Klimt 1918,1.55E+09
Lyriel,1.46E+06
Monolithe,0.00E+00
Mortician,1.67E+05
SIG:AR:TYR,0.00E+00
Skiltron,1.46E+06
Azarath,3.51E+04
Chrome Division,7.12E+06
DoomSword,0.00E+00
Folkearth,1.46E+06
Indukti,1.20E+09
Kontinuum,2.92E+09
Luca Turilli's Dreamquest,0.00E+00
Nagelfar,2.73E+06
Pagan Altar,0.00E+00
ShamRain,1.61E+06
Slugdge,1.34E+09
The Duskfall,1.15E+06
Triosphere,2.63E+09
Acid Drinkers,1.78E+09
Black Majesty,2.76E+06
Cloudkicker,9.55E+07
Dead Congregation,6.48E+06
Demonical,6.48E+06
Manticora,0.00E+00
Metalium,2.76E+06
Ov Hell,2.73E+06
Tank,1.98E+07
Tengger Cavalry,2.85E+09
Abominable Putridity,1.48E+06
Alkonost,0.00E+00
Arsames,9.41E+08
Autumn,1.03E+09
Disembowelment,1.09E+06
Dragonlord,9.26E+05
Ephel Duath,6.00E+08
Fant�mas,2.65E+05
Jon Oliva's Pain,2.09E+06
Kotipelto,2.76E+06
Macbeth,1.61E+06
Magica,3.55E+04
Majesty,1.12E+09
Mortal Sin,6.96E+06
Skyharbor,7.72E+08
Sleepytime Gorilla Museum,5.48E+07
The Berzerker,6.48E+06
Becoming The Archetype,0.00E+00
Cancer,9.41E+08
Chelsea Grin,5.63E+04
Entrails,6.48E+06
Lux Occulta,5.13E+09
Noctem,2.69E+09
Ophis,1.09E+06
Skull Fist,1.83E+08
Tourniquet,6.96E+06
Tracedawn,1.15E+06
Aeternus,3.51E+04
Aghora,2.09E+06
Alghazanth,9.26E+05
Anterior,9.44E+05
Arjen Anthony Lucassen,2.25E+05
Dark Suns,9.19E+09
Imperium Dekadenz,2.73E+06
Lock Up,2.20E+09
Miseration,6.48E+06
Pens�es Nocturnes,7.15E+08
Raunchy,6.78E+09
ReinXeed,2.76E+06
Sulphur Aeon,6.48E+06
The Man-Eating Tree,1.15E+07
Thy Majestie,3.55E+04
Transcending Bizarre?,8.04E+08
Ved Buens Ende,1.47E+09
Warlord,7.12E+06
Ava Inferi,6.97E+04
Before The Rain,1.09E+06
ETHS,6.56E+08
Euphoreon,1.01E+05
Extol,5.07E+08
Feared,8.71E+05
Harakiri For The Sky,3.72E+09
Impending Doom,5.63E+04
Lord Mantis,0.00E+00
Macabre,2.20E+09
Mutiny Within,1.25E+09
Pink Cream 69,9.72E+08
Repulsion,9.86E+05
Rishloo,1.90E+09
Timeless Miracle,2.76E+06
Universum,8.64E+04
Archgoat,2.84E+09
Archspire,1.80E+06
Disgorge,1.48E+06
Engel,0.00E+00
Entombed A.D.,6.48E+06
Hannes Grossmann,6.09E+08
Impaled,5.63E+09
Lindemann,3.16E+06
Shylmagoghnar,1.73E+10
The Old Dead Tree,1.61E+06
Waylander,0.00E+00
Zero Hour,2.09E+06
Abyssal,3.51E+04
Amenra,7.21E+08
Antestor,1.05E+10
Ataraxie,1.02E+10
Black Tusk,4.17E+08
Deceased,1.32E+10
Dionysus,0.00E+00
Elysian Blaze,1.61E+09
Enthrope,1.15E+06
Horrendous,6.48E+06
Imperia,7.51E+08
Infestus,2.73E+06
Jolly,2.09E+06
Kromlek,0.00E+00
Lost Society,6.96E+06
Master,6.48E+06
Morgana Lefay,2.76E+06
Sacramentum,2.84E+09
Skindred,1.56E+08
Starkill,1.15E+06
Virus,2.65E+05
Atrocity,3.19E+09
Borealis,2.76E+06
Cancer Bats,6.99E+08
Charred Walls Of The Damned,2.22E+09
Clawfinger,1.56E+08
Crimson Shadows,1.01E+05
Degradead,8.64E+04
Demonic Resurrection,7.76E+09
Echoes Of Eternity,0.00E+00
Evocation,6.48E+06
Galadriel,0.00E+00
Helrunar,2.73E+06
Hooded Menace,1.09E+06
Ikuinen Kaamos,1.24E+10
Kat,2.38E+09
Klone,1.90E+09
Magic Kingdom,2.76E+06
Maximum The Hormone,8.69E+08
Mouth Of The Architect,1.99E+08
Nadja,1.35E+08
Nocte Obducta,5.37E+09
Otyg,1.46E+06
Setherial,2.73E+06
Skogen,2.73E+06
SOiL,1.30E+08
Timo Tolkki's Avalon,1.39E+09
Unanimated,1.15E+06
Vicious Rumors,3.53E+04
36 Crazyfists,3.24E+09
Acid Witch,1.09E+06
Carnivore,3.83E+08
Craft,2.73E+06
Dark Forest,0.00E+00
Darkestrah,5.77E+04
Excalion,2.76E+06
Fleshcrawl,6.48E+06
Heljareyga,2.09E+06
Mithras,1.51E+08
Necrophagia,6.48E+06
Pathology,1.48E+06
Peccatum,2.65E+05
Saint Deamon,1.12E+09
Saltatio Mortis,0.00E+00
Suspyre,2.09E+06
Taranis,4.14E+09
Trepalium,6.48E+06
A Pale Horse Named Death,1.61E+06
Ablaze In Hatred,1.15E+06
Aetherian,1.15E+06
Alm�ra,3.10E+09
Dreamshade,1.15E+06
Dredg,1.65E+09
Gwydion,1.52E+04
Huntress,7.12E+06
Inborn Suffering,6.48E+06
Leverage,7.18E+08
Man Must Die,1.80E+06
Mandragora Scream,1.61E+06
Mokoma,6.96E+06
Mortal Love,1.61E+06
Mortiis,4.17E+08
Sunset In The 12th House,1.75E+09
Warrant,3.93E+06
Assassin,6.96E+06
Azaghal,2.73E+06
Brutality,6.48E+06
Budgie,3.72E+09
Cauldron,7.12E+06
Demigod,6.48E+06
Dissona,1.60E+09
Ixion,0.00E+00
Katra,1.24E+06
Nomans Land,7.62E+08
Ondskapt,2.73E+06
Rudra,9.41E+08
Shattered Hope,1.09E+06
Spastic Ink,9.55E+07
Wormed,3.90E+08
Aborym,0.00E+00
Belenos,5.77E+04
Church Of Misery,2.95E+05
Cirith Ungol,7.12E+06
Crystal Viper,7.12E+06
Darkwell,1.61E+06
Destinity,3.10E+09
Dismal Euphony,2.69E+09
Divinefire,2.76E+06
Domine,2.76E+06
Falls Of Rauros,1.98E+08
Gates Of Ishtar,1.15E+06
Girlschool,1.98E+07
Gorgasm,1.48E+06
Hecate Enthroned,2.31E+09
Intervals,2.09E+06
Lita Ford,7.87E+08
Luna Mortis,1.15E+06
Morgul,2.73E+06
Outworld,0.00E+00
Pomegranate Tiger,9.55E+07
Seven Kingdoms,2.76E+06
Striker,8.24E+07
Uncle Acid & The Deadbeats,0.00E+00
Varathron,2.73E+06
Wormrot,9.86E+05
Yearning,1.01E+09
Adorned Brood,2.26E+09
Ancient Wisdom,2.04E+06
Burst,6.18E+09
Demonoid,9.41E+08
Detonation,2.44E+09
Downfall Of Nur,4.82E+09
Grip Inc.,6.96E+06
Katalepsy,1.48E+06
Khors,2.73E+06
Mael M�rdha,0.00E+00
Omen,1.24E+09
On Thorns I Lay,3.83E+09
Progenie Terrestre Pura,9.38E+08
Pungent Stench,6.48E+06
Steel Attack,1.12E+09
Superjoint Ritual,8.38E+05
Torchbearer,3.51E+09
Viikate,0.00E+00
Waltari,1.02E+10
�ther Realm,2.85E+09
...And Oceans,1.02E+09
Agruss,1.93E+10
Anal Cunt,9.86E+05
Aquaria,3.55E+04
Arena,2.09E+06
Broken Hope,2.50E+09
Chimp Spanner,6.58E+09
Crisix,6.96E+06
Draugnim,5.77E+04
Fueled By Fire,6.96E+06
Hammers Of Misfortune,2.09E+06
Khold,2.73E+06
Krampus,2.85E+09
Krux,0.00E+00
Lunarsea,1.15E+06
Mitochondrion,6.97E+08
Monuments,7.72E+08
Mortification,6.48E+06
Nader Sadek,6.48E+06
Nightmare,1.30E+10
Paul Wardingham,1.43E+06
Protector,9.41E+08
Putrid Pile,1.48E+06
Times Of Grace,1.03E+05
Tombs,3.75E+09
Trick Or Treat,2.76E+06
Tyranny,3.68E+04
Vehemence,1.80E+06
Aesma Daeva,1.24E+06
Altaria,2.76E+06
Chevelle,1.40E+09
Dirge,5.38E+09
Estradasphere,1.69E+07
Evereve,0.00E+00
Fferyllt,1.46E+06
Inferi,3.75E+09
Kahtmayan,3.54E+09
Kimaera,1.09E+06
Korzus,6.96E+06
Minsk,1.65E+06
Noekk,0.00E+00
Nyktalgia,0.00E+00
Odious Mortem,1.80E+06
Orchid,0.00E+00
Pan.thy.monium,5.21E+08
Pro-Pain,4.72E+08
Spectral Lore,2.04E+06
Steelwing,7.12E+06
Subsignal,2.09E+06
Subterranean Masquerade,3.50E+09
Walls Of Jericho,9.44E+05
Abnormality,7.91E+08
Ambeon,5.58E+09
Arafel,2.30E+05
Ashes Of Ares,7.12E+06
Ashes You Leave,6.97E+04
Atrophy,6.96E+06
Dawn Of Demise,6.48E+06
Emptiness,3.51E+04
Ghost Bath,2.47E+09
Menace Ruine,2.83E+09
Prostitute Disfigurement,1.48E+06
Pythia,3.55E+04
Sadist,8.71E+05
Shaolin Death Squad,1.60E+09
Storm,0.00E+00
Tad Morose,0.00E+00
Torture Squad,9.41E+08
Tygers Of Pan Tang,1.98E+07
White Skull,2.76E+06
Acid King,2.95E+05
Age Of Silence,2.65E+05
Antaeus,2.73E+06
Aosoth,2.73E+06
Artrosis,1.61E+06
Beyond The Black,1.24E+06
Butterfly Temple,0.00E+00
Callisto,1.65E+06
Eye Of Solitude,1.09E+06
Falchion,2.85E+09
Fjoergyn,3.73E+09
Funeralium,3.68E+04
InnerWish,2.76E+06
Kalevala,1.46E+06
Life Of Agony,2.69E+09
Loits,2.73E+06
Manes,2.73E+06
Mis�yrming,2.73E+06
Morgion,6.48E+06
Obsidian Kingdom,1.09E+06
Olympos Mons,2.76E+06
Slaughter,9.41E+08
Spineshank,2.79E+08
Sunburst,2.63E+09
The 11th Hour,0.00E+00
The Exploited,3.83E+08
Thergothon,3.68E+04
Torche,1.39E+09
Viathyn,0.00E+00
Weeping Silence,1.61E+06
Whyzdom,1.24E+06
�smegin,1.52E+04
Arthemesia,2.30E+05
Botanist,0.00E+00
Coffins,6.48E+06
Crashd�et,4.43E+05
Cryptic Wintermoon,2.43E+09
Dawn Of Destiny,2.76E+06
Deals Death,8.64E+04
Elder,3.16E+08
Enslavement Of Beauty,1.95E+09
Ghoul,9.41E+08
Hamfer�,0.00E+00
Heavens Gate,7.12E+06
Megaherz,6.18E+08
Michael Angelo Batio,6.85E+03
Nanowar Of Steel,1.12E+09
Narnia,2.76E+06
Native Construct,2.09E+06
Nox Aurea,1.15E+06
Raventale,2.04E+06
Sinner,7.12E+06
SpellBlast,3.10E+09
Spiral Architect,0.00E+00
Three,2.25E+05
Windhand,2.95E+05
Amoral,3.43E+10
Blind Stare,2.02E+09
Coffinworm,0.00E+00
Crucified Barbara,7.87E+08
Desultory,6.48E+06
Devian,2.84E+09
Dreadnought,1.89E+10
Endstille,2.73E+06
Faithful Darkness,8.64E+04
Forest Silence,7.46E+08
Helheim,0.00E+00
Human Fortress,2.21E+09
Lascaille's Shroud,8.71E+05
Le Grand Guignol,1.57E+09
Lingua Mortis Orchestra,1.24E+06
Longing For Dawn,1.24E+09
Murmu�re,0.00E+00
Nailbomb,0.00E+00
Negative,9.47E+08
Panzerchrist,2.02E+09
Rivers Of Nihil,1.80E+06
Root,2.73E+06
Skuggsj�,0.00E+00
System Divide,1.15E+06
Teitanblood,2.84E+09
The Chasm,6.48E+06
The Red Chord,1.69E+09
Verdunkeln,0.00E+00
Abruptum,6.21E+09
Cadacross,3.66E+10
Carpe Noctem,2.73E+06
Cloak Of Altering,1.93E+04
Code,1.03E+10
Criminal,9.41E+08
Cryonic Temple,2.76E+06
Extreme Noise Terror,2.53E+09
Faal,2.73E+06
Gormathon,1.15E+06
Heretoir,0.00E+00
Herm�tica,6.96E+06
Highland Glory,2.76E+06
Iskald,2.30E+05
Katharsis,2.73E+06
Kawir,5.77E+04
Kuolemanlaakso,1.09E+06
Light This City,2.69E+09
Lizzy Borden,7.12E+06
Lullacry,1.15E+07
Merciless,6.96E+06
Mourning Lenore,1.09E+06
Netherion,6.48E+06
Phideaux,2.25E+05
Runic,1.11E+09
Saurom,3.10E+09
ScoX,1.48E+06
Solstice,0.00E+00
Todesbonden,1.85E+09
Troll,0.00E+00
Valkyrja,2.73E+06
Wulfgar,1.15E+06
�vangelist,3.51E+04
Almafuerte,1.22E+10
American Head Charge,2.79E+08
Autumnblaze,7.39E+09
Beheaded,7.91E+08
Christian Mistress,7.12E+06
Daemonarch,2.30E+05
Destrage,2.69E+09
Hammerforce,5.48E+09
King's X,1.20E+09
Mare Cognitum,2.04E+06
Nahemah,4.16E+09
Necrodeath,5.05E+03
Nothgard,5.77E+04
Onmyo-Za,5.68E+09
Pharaoh,1.24E+09
Procession,0.00E+00
Scar The Martyr,6.18E+08
Stravaganzza,1.24E+06
Sunless Rise,2.02E+09
Theory In Practice,3.75E+09
Thrudvangar,0.00E+00
Trauma,6.48E+06
Vale Of Pnath,1.80E+06
Zimmers Hole,8.24E+07
Acheron,3.51E+04
Barathrum,2.73E+06
Bell Witch,3.68E+04
Bifr�st,8.25E+09
Biomechanical,3.84E+09
Black Flag,4.17E+08
Dies Irae,6.48E+06
Dreams Of Sanity,1.24E+06
Ekove Efrits,2.73E+06
Folkstone,1.46E+06
Gloria Morti,6.28E+09
K�lter,3.39E+09
Kobra And The Lotus,7.12E+06
Kongh,8.38E+05
Negator,2.73E+06
Nervosa,6.96E+06
Nightbringer,2.73E+06
Obliteration,6.48E+06
Odious,1.90E+08
Omega Lithium,0.00E+00
Poema Arcanus,0.00E+00
Scarve,1.80E+06
Sceptic,1.80E+06
Schandmaul,1.93E+09
Skagos,2.04E+06
SpiRitual,1.61E+06
Svartby,1.46E+06
The Amenta,0.00E+00
The Axis Of Perdition,2.86E+08
Weakling,2.73E+06
Welicoruss,9.26E+05
When Nothing Remains,3.68E+04
Winger,2.46E+08
Wretched,1.80E+06
Zeal And Ardor,1.93E+04
Armageddon,1.56E+10
Atlantean Kodex,7.12E+06
Beautiful Sin,7.12E+06
Callenish Circle,8.64E+04
Chaos Divine,3.39E+09
Crionics,2.84E+09
Crom,7.46E+09
Decadence,2.44E+09
Dekadent,9.26E+05
Dr�psnatt,1.71E+09
Emigrate,3.16E+06
Eucharist,1.15E+06
Frosttide,1.01E+05
Hammer Horde,5.77E+04
Immortal Souls,8.69E+09
Ingested,1.48E+06
Insania,2.76E+06
Kekal,1.47E+09
Khanate,0.00E+00
Leah,1.24E+06
Oceans Of Sadness,2.03E+09
Paragon,2.76E+06
Parasite Inc.,1.15E+06
Planet Of Zeus,2.95E+05
Sister Sin,7.12E+06
Slechtvalk,2.73E+06
Sons Of Seasons,0.00E+00
Sun Of The Blind,1.93E+04
Svart Crown,2.84E+09
The Few Against Many,2.28E+09
The Haarp Machine,5.93E+09
Therapy?,1.40E+09
Thou,8.38E+05
Timo Tolkki,9.70E+08
Worship,3.68E+04
Al-Namrood,2.73E+06
An Abstract Illusion,4.14E+09
Arakain,6.96E+06
Arcana Coelestia,1.61E+09
Bornholm,5.77E+04
Bulldozer,6.96E+06
Cage,7.12E+06
Cold Body Radiation,5.89E+08
Crystal Eyes,2.76E+06
Deathchain,9.41E+08
Derek Sherinian,1.20E+09
Desolate Shrine,6.48E+06
Destroy Destroy Destroy,1.01E+05
Drowning The Light,2.73E+06
Elegy,0.00E+00
Elf,5.09E+06
Fozzy,7.12E+06
Gardenian,1.15E+06
Hades Almighty,2.73E+06
Holy Terror,6.96E+06
HolyHell,3.55E+04
Illidiance,1.02E+09
Lord,1.12E+09
Manslaughter,2.84E+09
Obtest,6.04E+09
Oceans Of Slumber,1.09E+06
Ram-Zet,0.00E+00
Sacrifice,6.96E+06
Salem,2.84E+09
Satariel,1.31E+10
Shakra,7.87E+08
Tharaphita,5.77E+04
The Black Mages,2.09E+06
Thy Serpent,2.30E+05
To Cast A Shadow,1.61E+06
Yggdrasil,1.46E+06
1000 Funerals,3.68E+04
Aaskereia,5.77E+04
Amaran,8.64E+04
Angelcorpse,3.51E+04
ASP,1.94E+09
Beyond Fear,7.12E+06
Blackthorn,0.00E+00
Blitzkrieg,1.98E+07
Christian Muenzner,9.55E+07
Christopher Lee,1.12E+09
Concerto Moon,2.76E+06
Coronatus,1.61E+06
Death Breath,6.48E+06
Depressed Mode,1.31E+10
Fall Of The Leafe,2.49E+10
Forever Slave,1.61E+06
Gallhammer,2.30E+08
Germ,4.82E+08
Glittertind,1.24E+08
Irminsul,1.52E+04
Izegrim,7.09E+09
L��z Rockit,0.00E+00
Make Them Suffer,0.00E+00
Michael Schenker's Temple Of Rock,3.93E+06
Moi Dix Mois,0.00E+00
Mustasch,7.12E+06
Odroerir,0.00E+00
Pillorian,2.04E+06
Sanctity,0.00E+00
Saviour Machine,1.61E+06
Sinamore,2.65E+08
Sons Of Aeon,1.15E+06
Steelheart,2.35E+09
Stone,8.24E+07
The Howling Void,3.87E+09
The Prophecy,1.09E+06
Thronar,4.82E+09
Toundra,0.00E+00
Tremonti,7.12E+06
Visceral Bleeding,1.48E+06
Winter,1.09E+06
Alarum,5.31E+07
Bar�n Rojo,7.87E+08
Battle Of Mice,1.65E+06
Benedictum,7.12E+06
Bison B.C.,8.38E+05
Black Country Communion,5.09E+06
Carnal Forge,9.41E+08
Cemetary,4.44E+09
Demon,7.44E+08
Diamond Plate,6.96E+06
Disincarnate,6.48E+06
End Of You,1.15E+07
Eulen,2.73E+06
Forsaken,7.12E+06
Galloglass,2.76E+06
Grave Miasma,6.48E+06
Harmony,0.00E+00
Hatriot,6.96E+06
Headspace,1.20E+09
Horseback,3.81E+08
Hoth,1.46E+09
Hunter,2.74E+09
Indian,0.00E+00
Living Sacrifice,1.58E+10
Naildown,1.15E+06
One Man Army And The Undead Quartet,9.41E+08
Prototype,2.09E+06
Regurgitate,1.72E+05
Sahg,2.95E+05
Severed Savior,7.91E+08
Spheric Universe Experience,2.09E+06
Tokyo Blade,1.98E+07
Votum,6.14E+09
Ade,6.48E+06
Anti,0.00E+00
Arch/Matheos,2.09E+06
Believer,2.85E+06
Blaze Of Perdition,2.73E+06
Byfrost,4.96E+09
Catacombs,3.68E+04
Conan,2.95E+05
Count Raven,0.00E+00
Cripper,6.96E+06
Darkest Era,5.68E+09
Defiance,6.96E+06
Demonica,6.96E+06
Downfall Of Gaia,1.99E+08
Fifth Angel,3.53E+04
Galar,1.55E+10
Helltrain,0.00E+00
Hypomanie,8.63E+08
Inter Arma,0.00E+00
Iommi,7.87E+08
Kipelov,7.12E+06
Mantic Ritual,6.96E+06
Massacra,1.72E+10
Mechanical Poet,0.00E+00
Mindplotter,2.92E+06
Misery Signals,9.44E+05
Nasheim,2.73E+06
Nazxul,2.73E+06
Obscurity,1.19E+09
Ramp,4.44E+09
Regarde Les Hommes Tomber,7.26E+09
Runemagick,1.31E+10
Shrinebuilder,1.39E+09
Stormwitch,7.12E+06
Thanatos,9.41E+08
The Hourglass,7.12E+06
The Provenance,8.71E+05
The Rotted,1.30E+10
Today Is The Day,4.71E+07
Vampiria,0.00E+00
Wormlust,2.73E+06
Yyrkoon,6.48E+06
Zonata,2.76E+06
�rkenkj�tt,1.09E+06
Acherontas,2.73E+06
Alabama Thunderpussy,6.66E+09
Antediluvian,3.51E+04
Argus,7.12E+06
Black Fast,3.19E+09
Breakdown Of Sanity,1.18E+09
Celeste,1.02E+10
Chaos Moon,2.04E+06
Christ Agony,2.73E+06
Comatose Vigil,3.68E+04
Crimson Moonlight,2.73E+06
De Profundis,6.58E+09
Demians,1.58E+09
Descending,5.94E+08
Dreamscape,2.09E+06
For Today,9.44E+05
Frailty,1.09E+06
Genghis Tron,0.00E+00
Gernotshagen,8.25E+09
Happy Days,0.00E+00
Hatchet,0.00E+00
How Like A Winter,6.97E+04
Liege Lord,2.22E+09
Loudblast,9.41E+08
Lychgate,8.26E+08
M�tiilation,2.73E+06
Magrudergrind,9.86E+05
Michael Kiske,3.93E+06
Misanthrope,1.15E+06
Nirvana 2002,6.48E+06
Orphanage,3.46E+09
Ovid's Withering,1.94E+09
Realm,7.14E+04
Repugnant,9.41E+08
Rob Rock,3.53E+04
RoutaSielu,1.15E+06
Shadowside,2.76E+06
Signum Regis,2.63E+09
Sombres For�ts,2.73E+06
Sunpocrisy,2.12E+09
Symphorce,2.76E+06
The Arcane Order,2.44E+09
The Browning,1.35E+07
The Flight Of Sleipnir,1.06E+10
Turbo,6.52E+09
Until Death Overtakes Me,9.14E+08
Vinnie Moore,1.91E+09
Viraemia,7.91E+08
Voices,2.73E+06
Wormphlegm,4.13E+08
Act Of Defiance,2.40E+09
Aes Dana,3.79E+08
Aeveron,1.31E+10
Aluk Todolo,2.73E+06
Armory,2.76E+06
Autumnia,1.15E+06
Avrigus,6.97E+04
Blazing Eternity,0.00E+00
Catafalque,1.61E+06
Chalice Of Doom,1.15E+06
Chthe'ilist,6.48E+06
Cruciamentum,6.48E+06
Divinity,3.30E+09
Dol Ammad,0.00E+00
Dreamland,1.12E+09
Eisregen,0.00E+00
Eyefear,2.63E+09
Fear Of Domination,3.37E+09
First Fragment,1.80E+06
Frequency Of Butterfly Wings,1.15E+06
Fuck The Facts,8.62E+08
Grey Heaven Fall,2.84E+09
Gruesome,6.48E+06
Illogicist,1.80E+06
Insect Warfare,9.86E+05
Ion Dissonance,2.11E+09
Istapp,2.30E+05
Kriegsmaschine,2.73E+06
M�rk Gryning,2.73E+06
Mar?olea,5.77E+04
Nevid,0.00E+00
Nostradameus,3.26E+09
Phantasma (NED),1.24E+06
Psyopus,9.44E+05
Rise Of Avernus,0.00E+00
Sarke,2.73E+06
Serious Black,2.76E+06
Seth,2.73E+06
Supreme Majesty,2.76E+06
Symphonity,3.55E+04
The Wretched End,9.41E+08
Unholy,1.09E+06
Valtari,1.15E+06
Volumes,6.75E+08
�rst��ir L�fsins,2.26E+09
Advent Sorrow,2.11E+09
Amogh Symphony,5.21E+08
Ancient Ascendant,6.48E+06
Annotations Of An Autopsy,1.17E+09
Attacker,3.53E+04
Canaan,0.00E+00
Carcariass,1.80E+06
Centinex,6.48E+06
Ceremonial Oath,2.92E+09
Circle Of Dead Children,9.86E+05
Convulse,5.25E+08
Crystalic,3.39E+09
Doom,6.72E+05
Enter Shikari,1.35E+07
Flourishing,7.14E+09
Forgotten Tales,2.76E+06
Garden Of Shadows,1.15E+06
Grayceon,2.09E+06
Hackneyed,6.48E+06
I Killed The Prom Queen,9.44E+05
Infinite Tales,8.64E+04
Insision,1.48E+06
iwrestledabearonce,0.00E+00
Karlahan,2.03E+09
Karma To Burn,2.95E+05
Krieg,2.73E+06
Lamented Souls,0.00E+00
Landmine Marathon,6.48E+06
Malignancy,1.48E+06
Myrkskog,1.14E+10
Necros Christos,2.84E+09
Netherbird,2.30E+05
November-7,1.22E+10
Octavia Sperati,1.61E+06
Old Man Gloom,6.83E+08
Pokolg�p,7.12E+06
Pressure Points,9.54E+09
Profetus,3.68E+04
Psychonaut 4,0.00E+00
Raubtier,3.16E+06
Ride The Sky,0.00E+00
Ripping Corpse,9.41E+08
Steve Harris,7.12E+06
Sunrise,2.76E+06
Thank You Scientist,2.25E+05
The Gates Of Slumber,0.00E+00
Vordven,2.04E+06
Abyssic Hate,1.74E+10
Ador Dorath,0.00E+00
Agora,2.09E+06
Alkerdeel,3.75E+09
Arion,1.39E+09
Arizmenda,0.00E+00
Arrayan Path,1.12E+09
Ash Borer,2.73E+06
Atargatis,0.00E+00
Battleroar,7.12E+06
Besatt,2.73E+06
Blood Tsunami,9.41E+08
Bullet,7.87E+08
Cirith Gorgor,2.73E+06
Coprofago,5.54E+08
Darksun,3.55E+04
Dawnbringer,1.94E+09
Den Saakaldte,2.73E+06
Device,6.18E+08
Dezperadoz,7.12E+06
Empyrios,7.14E+04
FEJD,1.46E+06
Filter,1.44E+07
Fort��,2.73E+06
Guardians Of Time,2.76E+06
Hangar,2.76E+06
Heol Telwen,1.53E+08
Krypt,2.73E+06
Machine Men,7.12E+06
Marionette,2.69E+09
Meliah Rage,3.26E+09
Minas Morgul,5.77E+04
Mystic Circle,2.30E+05
Narjahanam,6.48E+06
Norma Jean,9.44E+05
Pryapisme,2.65E+05
Revenge,2.84E+09
Scanner,2.76E+06
Seeds Of Iblis,2.73E+06
Seraphim,2.76E+06
Sex Machineguns,2.04E+08
Skylark,2.76E+06
Striborg,0.00E+00
Sun Caged,2.09E+06
Sun Devoured Earth,5.89E+08
Teramaze,2.09E+06
The Bishop Of Hexen,9.26E+05
The Blinded,3.55E+08
The Murder Of My Sweet,1.24E+06
Trist,0.00E+00
Usurper,7.35E+09
What Mad Universe,2.96E+08
�xx� X��x,1.61E+06
Akelei,0.00E+00
Alda,1.98E+08
Appearance Of Nothing,5.78E+09
Arven,0.00E+00
Battlesoul,4.92E+09
Beto V�zquez Infinity,1.24E+06
Betraying The Martyrs,1.11E+09
Borgne,2.04E+06
Bran Barr,0.00E+00
Cloudscape,2.09E+06
Cryptic Slaughter,9.58E+05
Crystallion,2.76E+06
Dark Flood,1.15E+06
Darkened Nocturn Slaughtercult,2.73E+06
Deathhammer,6.96E+06
Eden's Curse,7.87E+08
Evil Masquerade,2.63E+09
Farshid Arabi,7.12E+06
Funeral Mourning,6.39E+09
George Kollias,6.48E+06
Ghost Ship Octavius,2.09E+06
Hands Of Despair,8.50E+05
Hanoi Rocks,5.88E+04
Holocaust,5.78E+09
Inactive Messiah,2.07E+09
Infern�l M�jesty,6.96E+06
Khemmis,0.00E+00
Lonewolf,1.12E+09
Mind's Eye,2.09E+06
Mortad,9.41E+08
My Shameful,1.09E+06
My Sleeping Karma,5.97E+07
Nazgul,2.26E+09
Nero Di Marte,4.35E+09
New Keepers Of The Water Towers,2.11E+09
Okera,1.15E+06
Priestess,3.31E+08
Profane Omen,3.24E+08
Red Harvest,1.89E+09
Reflexion,1.15E+07
Resurrection,6.48E+06
Semargl,3.41E+09
Skitliv,2.73E+06
Son Of Aurelius,5.93E+09
Sworn,2.30E+05
The Atlas Moth,1.39E+09
The Forsaken,
Ultra Vomit,
Verjnuarmu,
Vertigo Steps,
Vomit The Soul,
Wayfarer,
Wovenwar,
Accu�er,
Almanac,
Anthem,
Apocynthion,
Brocas Helm,
Burden Of Grief,
Burning Point,
Bury Tomorrow,
Cadaver,
Cave In,
Channel Zero,
Chaos Ech?s,
Corpsessed,
Corpus Christii,
Darkest Horizon,
Dawn Of Ashes,
Deinonychus,
Demiurg,
Disbelief,
Disfiguring The Goddess,
Dominici,
Doomed,
Eldritch,
Elexorien,
Enchant,
Enthring,
Faanefjell,
Facebreaker,
Fragments Of Unbecoming,
General Surgery,
Haemorrhage,
Hearse,
Horn Of The Rhino,
Icewind,
Impetigo,
Impiety,
Inanimate Existence,
Indesinence,
Jambinai,
Kaledon,
Kill Devil Hill,
Legenda Aurea,
Leng Tch'e,
Lion's Share,
Loch Vostok,
Lost In Thought,
Malefice,
Manigance,
Metal Allegiance,
Monumental Torment,
Moonlyght,
Mumakil,
Mysticum,
Necronomicon,
Nothingface,
Primitive Man,
Rose Tattoo,
Ruins,
Saattue,
Satan's Host,
Seance,
Souldrainer,
SSS,
The Obsessed,
Thy Disease,
Tribuzy,
Tystnaden,
VON,
Vorna,
Winterstorm,
Witch Mountain,
Zierler,
A Storm Of Light,
Aeon Zen,
